reddit sub,url
r/Accounting,https://reddit.com/r/Accounting.json
r/adderall,https://reddit.com/r/adderall.json
r/ADHD,https://reddit.com/r/ADHD.json
r/analytics,https://reddit.com/r/analytics.json
r/announcements,https://reddit.com/r/announcements.json
r/AskHistorians,https://reddit.com/r/AskHistorians.json
r/AskReddit,https://reddit.com/r/AskReddit.json
r/askscience,https://reddit.com/r/askscience.json
r/aww,https://reddit.com/r/aww.json
r/AZURE,https://reddit.com/r/AZURE.json
r/bash,https://reddit.com/r/bash.json
r/battlefield_one,https://reddit.com/r/battlefield_one.json
r/BattlefieldV,https://reddit.com/r/BattlefieldV.json
r/bestof,https://reddit.com/r/bestof.json
r/beta,https://reddit.com/r/beta.json
r/blackpeoplegifs,https://reddit.com/r/blackpeoplegifs.json
r/BlackPeopleTwitter,https://reddit.com/r/BlackPeopleTwitter.json
r/books,https://reddit.com/r/books.json
r/business,https://reddit.com/r/business.json
r/BusinessIntelligence,https://reddit.com/r/BusinessIntelligence.json
r/CFB,https://reddit.com/r/CFB.json
r/Chromecast,https://reddit.com/r/Chromecast.json
r/CozyPlaces,https://reddit.com/r/CozyPlaces.json
r/Damnthatsinteresting,https://reddit.com/r/Damnthatsinteresting.json
r/dancarlin,https://reddit.com/r/dancarlin.json
r/Database,https://reddit.com/r/Database.json
r/dataisbeautiful,https://reddit.com/r/dataisbeautiful.json
r/Documentaries,https://reddit.com/r/Documentaries.json
r/dogpictures,https://reddit.com/r/dogpictures.json
r/EarthPorn,https://reddit.com/r/EarthPorn.json
r/Economics,https://reddit.com/r/Economics.json
r/educationalgifs,https://reddit.com/r/educationalgifs.json
r/ETL,https://reddit.com/r/ETL.json
r/excel,https://reddit.com/r/excel.json
r/exchangeserver,https://reddit.com/r/exchangeserver.json
r/explainlikeimfive,https://reddit.com/r/explainlikeimfive.json
r/finance,https://reddit.com/r/finance.json
r/financialmodelling,https://reddit.com/r/financialmodelling.json
r/fintechnews,https://reddit.com/r/fintechnews.json
r/food,https://reddit.com/r/food.json
r/forhire,https://reddit.com/r/forhire.json
r/forza,https://reddit.com/r/forza.json
r/freefolk,https://reddit.com/r/freefolk.json
r/freelance,https://reddit.com/r/freelance.json
r/funny,https://reddit.com/r/funny.json
r/Futurology,https://reddit.com/r/Futurology.json
r/gadgets,https://reddit.com/r/gadgets.json
r/gameofthrones,https://reddit.com/r/gameofthrones.json
r/gaming,https://reddit.com/r/gaming.json
r/gatsbyjs,https://reddit.com/r/gatsbyjs.json
r/geek,https://reddit.com/r/geek.json
r/gifs,https://reddit.com/r/gifs.json
r/gifsthatkeepongiving,https://reddit.com/r/gifsthatkeepongiving.json
r/git,https://reddit.com/r/git.json
r/github,https://reddit.com/r/github.json
r/guns,https://reddit.com/r/guns.json
r/HadToHurt,https://reddit.com/r/HadToHurt.json
r/HighQualityGifs,https://reddit.com/r/HighQualityGifs.json
r/hiphopheads,https://reddit.com/r/hiphopheads.json
r/history,https://reddit.com/r/history.json
r/HomeNetworking,https://reddit.com/r/HomeNetworking.json
r/humanresources,https://reddit.com/r/humanresources.json
r/Huskers,https://reddit.com/r/Huskers.json
r/IAmA,https://reddit.com/r/IAmA.json
r/IASIP,https://reddit.com/r/IASIP.json
r/IconicImages,https://reddit.com/r/IconicImages.json
r/interestingasfuck,https://reddit.com/r/interestingasfuck.json
r/InternetIsBeautiful,https://reddit.com/r/InternetIsBeautiful.json
r/javascript,https://reddit.com/r/javascript.json
r/jobs,https://reddit.com/r/jobs.json
r/JoeRogan,https://reddit.com/r/JoeRogan.json
r/JoeyDiaz,https://reddit.com/r/JoeyDiaz.json
r/learnprogramming,https://reddit.com/r/learnprogramming.json
r/Libertarian,https://reddit.com/r/Libertarian.json
r/LifeProTips,https://reddit.com/r/LifeProTips.json
r/linkedin,https://reddit.com/r/linkedin.json
r/memes,https://reddit.com/r/memes.json
r/microsoft,https://reddit.com/r/microsoft.json
r/MicrosoftTeams,https://reddit.com/r/MicrosoftTeams.json
r/mildlyinteresting,https://reddit.com/r/mildlyinteresting.json
r/mongodb,https://reddit.com/r/mongodb.json
r/movies,https://reddit.com/r/movies.json
r/Music,https://reddit.com/r/Music.json
r/NatureIsFuckingLit,https://reddit.com/r/NatureIsFuckingLit.json
r/natureismetal,https://reddit.com/r/natureismetal.json
r/Nebraska,https://reddit.com/r/Nebraska.json
r/netflix,https://reddit.com/r/netflix.json
r/news,https://reddit.com/r/news.json
r/nfl,https://reddit.com/r/nfl.json
r/node,https://reddit.com/r/node.json
r/NormMacdonald,https://reddit.com/r/NormMacdonald.json
r/nottheonion,https://reddit.com/r/nottheonion.json
r/npm,https://reddit.com/r/npm.json
r/Office365,https://reddit.com/r/Office365.json
r/oldpeoplefacebook,https://reddit.com/r/oldpeoplefacebook.json
r/OldSchoolCool,https://reddit.com/r/OldSchoolCool.json
r/Omaha,https://reddit.com/r/Omaha.json
r/OneNote,https://reddit.com/r/OneNote.json
r/options,https://reddit.com/r/options.json
r/patientgamers,https://reddit.com/r/patientgamers.json
r/PerfectTiming,https://reddit.com/r/PerfectTiming.json
r/personalfinance,https://reddit.com/r/personalfinance.json
r/philosophy,https://reddit.com/r/philosophy.json
r/photoshopbattles,https://reddit.com/r/photoshopbattles.json
r/pics,https://reddit.com/r/pics.json
r/PostGradProblem,https://reddit.com/r/PostGradProblem.json
r/PowerBI,https://reddit.com/r/PowerBI.json
r/PowerShell,https://reddit.com/r/PowerShell.json
r/ProgrammerHumor,https://reddit.com/r/ProgrammerHumor.json
r/programming,https://reddit.com/r/programming.json
r/Python,https://reddit.com/r/Python.json
r/rarepuppers,https://reddit.com/r/rarepuppers.json
r/reactiongifs,https://reddit.com/r/reactiongifs.json
r/reactjs,https://reddit.com/r/reactjs.json
r/reddit.com,https://reddit.com/r/reddit.com.json
r/resumes,https://reddit.com/r/resumes.json
r/RobinHood,https://reddit.com/r/RobinHood.json
r/RocketLeague,https://reddit.com/r/RocketLeague.json
r/savedyouaclick,https://reddit.com/r/savedyouaclick.json
r/science,https://reddit.com/r/science.json
r/SecurityAnalysis,https://reddit.com/r/SecurityAnalysis.json
r/Showerthoughts,https://reddit.com/r/Showerthoughts.json
r/Simulated,https://reddit.com/r/Simulated.json
r/skateboarding,https://reddit.com/r/skateboarding.json
r/smallbusiness,https://reddit.com/r/smallbusiness.json
r/software,https://reddit.com/r/software.json
r/southpark,https://reddit.com/r/southpark.json
r/space,https://reddit.com/r/space.json
r/sports,https://reddit.com/r/sports.json
r/SQL,https://reddit.com/r/SQL.json
r/SQLServer,https://reddit.com/r/SQLServer.json
r/Standup,https://reddit.com/r/Standup.json
r/StandUpComedy,https://reddit.com/r/StandUpComedy.json
r/standupshots,https://reddit.com/r/standupshots.json
r/StandUpWorkshop,https://reddit.com/r/StandUpWorkshop.json
r/StoppedWorking,https://reddit.com/r/StoppedWorking.json
r/TechNewsToday,https://reddit.com/r/TechNewsToday.json
r/technology,https://reddit.com/r/technology.json
r/television,https://reddit.com/r/television.json
r/The_Dennis,https://reddit.com/r/The_Dennis.json
r/TheGreatWarChannel,https://reddit.com/r/TheGreatWarChannel.json
r/TheGrittyPast,https://reddit.com/r/TheGrittyPast.json
r/theydidthemath,https://reddit.com/r/theydidthemath.json
r/tifu,https://reddit.com/r/tifu.json
r/todayilearned,https://reddit.com/r/todayilearned.json
r/trashy,https://reddit.com/r/trashy.json
r/travel,https://reddit.com/r/travel.json
r/UnethicalLifeProTips,https://reddit.com/r/UnethicalLifeProTips.json
r/UnexpectedMulaney,https://reddit.com/r/UnexpectedMulaney.json
r/vba,https://reddit.com/r/vba.json
r/videos,https://reddit.com/r/videos.json
r/vscode,https://reddit.com/r/vscode.json
r/Wake,https://reddit.com/r/Wake.json
r/wallstreetbets,https://reddit.com/r/wallstreetbets.json
r/webdev,https://reddit.com/r/webdev.json
r/westworld,https://reddit.com/r/westworld.json
r/Whatcouldgowrong,https://reddit.com/r/Whatcouldgowrong.json
r/whitepeoplegifs,https://reddit.com/r/whitepeoplegifs.json
r/WhitePeopleTwitter,https://reddit.com/r/WhitePeopleTwitter.json
r/wholesomememes,https://reddit.com/r/wholesomememes.json
r/windows,https://reddit.com/r/windows.json
r/Windows10,https://reddit.com/r/Windows10.json
r/woahdude,https://reddit.com/r/woahdude.json
r/worldnews,https://reddit.com/r/worldnews.json
r/writing,https://reddit.com/r/writing.json
r/WTF,https://reddit.com/r/WTF.json
r/xboxinsiders,https://reddit.com/r/xboxinsiders.json
r/xboxone,https://reddit.com/r/xboxone.json
r/YouShouldKnow,https://reddit.com/r/YouShouldKnow.json
r/Zoomies,https://reddit.com/r/Zoomies.json
